{
    "avg_latency": 0.48381089137501476,
    "latencies": [
        0.48346307599786087,
        0.48403280599814025,
        0.48353843900258653,
        0.4837176479995833,
        0.48361188800117816,
        0.4838726019988826,
        0.48411445999954594,
        0.48413621200234047
    ],
    "percentiles": {
        "10": 0.48351583010116883,
        "25": 0.48359352575153025,
        "50": 0.48379512499923294,
        "75": 0.48405321949849167,
        "90": 0.4841209856003843,
        "99": 0.4841346893621449
    }
}