{
    "avg_latency": 0.6422464779998336,
    "latencies": [
        0.6417008099997474,
        0.642258767002204,
        0.641966945000604,
        0.6426740850001806,
        0.6425473449999117,
        0.6425150229988503,
        0.642202480998094,
        0.6421063679990766
    ],
    "percentiles": {
        "10": 0.641887104500347,
        "25": 0.6420715122494585,
        "50": 0.642230624000149,
        "75": 0.6425231034991157,
        "90": 0.6425853669999924,
        "99": 0.6426652132001618
    }
}