{
    "avg_latency": 0.46649622674976854,
    "latencies": [
        0.4660384439994232,
        0.46689936599796056,
        0.4667660529994464,
        0.4664979350018257,
        0.4663540820001799,
        0.4667790179992153,
        0.46627935099968454,
        0.46635556500041275
    ],
    "percentiles": {
        "10": 0.4662070788996061,
        "25": 0.46633539925005607,
        "50": 0.4664267500011192,
        "75": 0.4667692942493886,
        "90": 0.4668151223988389,
        "99": 0.4668909416380484
    }
}