{
    "avg_latency": 1.5889037634997294,
    "latencies": [
        1.584712251999008,
        1.5867808030016022,
        1.5877913479998824,
        1.5875430179985415,
        1.5910333619976882,
        1.5921145909996994,
        1.5919217660011782,
        1.5893329680002353
    ],
    "percentiles": {
        "10": 1.586160237700824,
        "25": 1.5873524642493066,
        "50": 1.5885621580000588,
        "75": 1.5912554629985607,
        "90": 1.5919796135007345,
        "99": 1.592101093249803
    }
}