{
    "avg_latency": 0.5326398422503189,
    "latencies": [
        0.5329231149989937,
        0.5327400069982104,
        0.5324893530014378,
        0.5326735230009945,
        0.5323443779998343,
        0.5324539370012644,
        0.5325127280011657,
        0.5329816970006505
    ],
    "percentiles": {
        "10": 0.5324210693008353,
        "25": 0.5324804990013945,
        "50": 0.5325931255010801,
        "75": 0.5327857839984063,
        "90": 0.5329406895994907,
        "99": 0.5329775962605345
    }
}