{
    "avg_latency": 1.7836942099993394,
    "latencies": [
        1.777770974997111,
        1.7821218300014152,
        1.7835380649994477,
        1.7839596160010842,
        1.7840985010006989,
        1.7850766259980446,
        1.7860055669989379,
        1.7869824999979755
    ],
    "percentiles": {
        "10": 1.780816573500124,
        "25": 1.7831840062499396,
        "50": 1.7840290585008916,
        "75": 1.785308861248268,
        "90": 1.7862986468986493,
        "99": 1.786914114688043
    }
}