{
    "avg_latency": 0.6986259517502731,
    "latencies": [
        0.6983686009989469,
        0.6990430580008251,
        0.698568570001953,
        0.6988043880010082,
        0.6983028169997851,
        0.6984010039996065,
        0.6990532889976748,
        0.698465887002385
    ],
    "percentiles": {
        "10": 0.6983488657991984,
        "25": 0.6983929032494416,
        "50": 0.698517228502169,
        "75": 0.6988640555009624,
        "90": 0.69904612729988,
        "99": 0.6990525728278953
    }
}