{
    "avg_latency": 0.5171968051254225,
    "latencies": [
        0.5173765279978397,
        0.5172464010029216,
        0.5170864880019508,
        0.5171006960008526,
        0.5171647770002892,
        0.5172627819993068,
        0.5171601090005424,
        0.5171766599996772
    ],
    "percentiles": {
        "10": 0.5170964336011821,
        "25": 0.51714525575062,
        "50": 0.5171707184999832,
        "75": 0.5172504962520179,
        "90": 0.5172969057988667,
        "99": 0.5173685657779424
    }
}