{
    "avg_latency": 4.5897059073749915,
    "latencies": [
        4.608772630999738,
        4.606236887000705,
        4.584080268999969,
        4.588278931001696,
        4.581133056999533,
        4.577093595999031,
        4.586261775999446,
        4.585790111999813
    ],
    "percentiles": {
        "10": 4.579921218699383,
        "25": 4.58334346599986,
        "50": 4.58602594399963,
        "75": 4.592768420001448,
        "90": 4.606997610200414,
        "99": 4.608595128919806
    }
}