{
    "avg_latency": 4.398001832749742,
    "latencies": [
        4.3955270490005205,
        4.386149320998811,
        4.394713342000614,
        4.388307854998857,
        4.419734726998286,
        4.395289227999456,
        4.409683689002122,
        4.394609450999269
    ],
    "percentiles": {
        "10": 4.3876602947988435,
        "25": 4.393034051999166,
        "50": 4.395001285000035,
        "75": 4.399066209000921,
        "90": 4.412699000400972,
        "99": 4.419031154338554
    }
}