{
    "avg_latency": 4.461925803875147,
    "latencies": [
        4.4680727679988195,
        4.458807863000402,
        4.461253146000672,
        4.477056848998473,
        4.465480574999674,
        4.4563607729978685,
        4.46122746400215,
        4.447146993003116
    ],
    "percentiles": {
        "10": 4.453596638999443,
        "25": 4.458196090499769,
        "50": 4.461240305001411,
        "75": 4.46612862324946,
        "90": 4.470767992298716,
        "99": 4.476427963328497
    }
}