{
    "avg_latency": 5.618172797125226,
    "latencies": [
        5.6583405019991915,
        5.611507559002348,
        5.591711127002782,
        5.518936019001558,
        5.705096462999791,
        5.631943299998966,
        5.710421457999473,
        5.517425948997698
    ],
    "percentiles": {
        "10": 5.518482998000399,
        "25": 5.573517350002476,
        "50": 5.621725429500657,
        "75": 5.670029492249341,
        "90": 5.706693961499695,
        "99": 5.710048708349495
    }
}