{
    "avg_latency": 0.47805448549934226,
    "latencies": [
        0.47797736399661517,
        0.478208041000471,
        0.4783081099994888,
        0.4781382979999762,
        0.47783544399862876,
        0.47786411800188944,
        0.47798155099735595,
        0.4781229580003128
    ],
    "percentiles": {
        "10": 0.47785551580091123,
        "25": 0.47794905249793374,
        "50": 0.4780522544988344,
        "75": 0.4781557337500999,
        "90": 0.47823806170017635,
        "99": 0.47830110516955754
    }
}