{
    "avg_latency": 0.6415209824999693,
    "latencies": [
        0.6407033830000728,
        0.6414724109999952,
        0.6413780420007242,
        0.6422935289992893,
        0.6413179970004421,
        0.6413488349971885,
        0.6414551060006488,
        0.6421985570013931
    ],
    "percentiles": {
        "10": 0.6411336128003313,
        "25": 0.6413411254980019,
        "50": 0.6414165740006865,
        "75": 0.6416539475003447,
        "90": 0.642227048600762,
        "99": 0.6422868809594365
    }
}