{
    "avg_latency": 0.45994700500068575,
    "latencies": [
        0.4601915610001015,
        0.4598088840029959,
        0.4598635880029178,
        0.45987317700200947,
        0.46005408899873146,
        0.4594273999973666,
        0.4603307240031427,
        0.46002661699822056
    ],
    "percentiles": {
        "10": 0.4596944388013071,
        "25": 0.45984991200293734,
        "50": 0.459949897000115,
        "75": 0.46008845699907397,
        "90": 0.46023330990101385,
        "99": 0.4603209825929298
    }
}