{
    "avg_latency": 1.5927219353748114,
    "latencies": [
        1.5873189179983456,
        1.592217288001848,
        1.590578067000024,
        1.59039202099666,
        1.596836404001806,
        1.5936832209990826,
        1.5970909030002076,
        1.593658661000518
    ],
    "percentiles": {
        "10": 1.5894700900971657,
        "25": 1.590531555499183,
        "50": 1.592937974501183,
        "75": 1.5944715167497634,
        "90": 1.5969127537013263,
        "99": 1.5970730880703194
    }
}