{
    "avg_latency": 0.5780558758997358,
    "latencies": [
        0.5770553050097078,
        0.5811447880696505,
        0.579367236001417,
        0.577865197090432,
        0.5768982849549502,
        0.577573831891641,
        0.5777286281809211,
        0.576813735999167
    ],
    "percentiles": {
        "10": 0.5768729202682152,
        "25": 0.5770160499960184,
        "50": 0.577651230036281,
        "75": 0.5782407068181783,
        "90": 0.5799005016218871,
        "99": 0.5810203594248742
    }
}