{
    "avg_latency": 0.662612417479977,
    "latencies": [
        0.6625814931467175,
        0.6638274928554893,
        0.6621581078507006,
        0.6619597179815173,
        0.6624956650193781,
        0.6617053260561079,
        0.6638877359218895,
        0.6622838010080159
    ],
    "percentiles": {
        "10": 0.6618834004038945,
        "25": 0.6621085103834048,
        "50": 0.662389733013697,
        "75": 0.6628929930739105,
        "90": 0.6638455657754093,
        "99": 0.6638835189072415
    }
}