{
    "avg_latency": 0.5741939467261545,
    "latencies": [
        0.5741015749517828,
        0.5736882500350475,
        0.5739604169502854,
        0.5744473009835929,
        0.575014095986262,
        0.5750533151440322,
        0.5737831338774413,
        0.5735034858807921
    ],
    "percentiles": {
        "10": 0.5736328207887709,
        "25": 0.5737594129168428,
        "50": 0.5740309959510341,
        "75": 0.5745889997342601,
        "90": 0.575025861733593,
        "99": 0.5750505698029883
    }
}