{
    "avg_latency": 1.348394220112823,
    "latencies": [
        1.3461254411377013,
        1.3479375049937516,
        1.347292287973687,
        1.3459929800592363,
        1.3482266180217266,
        1.350741321919486,
        1.3494081269018352,
        1.3514294798951596
    ],
    "percentiles": {
        "10": 1.3460857028141617,
        "25": 1.3470005762646906,
        "50": 1.3480820615077391,
        "75": 1.3497414256562479,
        "90": 1.350947769312188,
        "99": 1.3513813088368625
    }
}