{
    "avg_latency": 1.5917671021252318,
    "latencies": [
        1.5853656209983455,
        1.5876399700027832,
        1.5901471409997612,
        1.5950987850010279,
        1.5932146699997247,
        1.5930195870023454,
        1.5958771719997458,
        1.5937738709981204
    ],
    "percentiles": {
        "10": 1.5869576653014519,
        "25": 1.5895203482505167,
        "50": 1.593117128501035,
        "75": 1.5941050994988473,
        "90": 1.5953323011006433,
        "99": 1.5958226849098356
    }
}