{
    "avg_latency": 0.6413788932500211,
    "latencies": [
        0.641216779997194,
        0.6407803319998493,
        0.6410997480015794,
        0.6416601900018577,
        0.6412130409989913,
        0.6417955050019373,
        0.6414810579990444,
        0.6417844919997151
    ],
    "percentiles": {
        "10": 0.6410039232010604,
        "25": 0.6411847177496384,
        "50": 0.6413489189981192,
        "75": 0.641691265501322,
        "90": 0.6417877959003817,
        "99": 0.6417947340917817
    }
}