{
    "avg_latency": 0.47826257187534793,
    "latencies": [
        0.4782916809999733,
        0.47817220400247606,
        0.4782418659997347,
        0.4781656999984989,
        0.47831515400321223,
        0.4785018270013097,
        0.47818641000048956,
        0.4782257329970889
    ],
    "percentiles": {
        "10": 0.4781702528012829,
        "25": 0.4781828585009862,
        "50": 0.4782337994984118,
        "75": 0.47829754925078305,
        "90": 0.47837115590264145,
        "99": 0.4784887598914429
    }
}