{
    "avg_latency": 0.46029645425005583,
    "latencies": [
        0.46006209700135514,
        0.45985724899946945,
        0.460748859000887,
        0.4603541899996344,
        0.46013442299954477,
        0.4601149660011288,
        0.4602957979986968,
        0.4608040519997303
    ],
    "percentiles": {
        "10": 0.46000064260078943,
        "25": 0.46010174875118537,
        "50": 0.4602151104991208,
        "75": 0.46045285724994756,
        "90": 0.46076541690054,
        "99": 0.46080018848981125
    }
}