{
    "avg_latency": 1.5629935462502544,
    "latencies": [
        1.56014565499936,
        1.560063139993872,
        1.5592919699993217,
        1.5614204950034036,
        1.5683160219996353,
        1.564719348003564,
        1.5648775700028636,
        1.5651141700000153
    ],
    "percentiles": {
        "10": 1.559831788995507,
        "25": 1.560125026247988,
        "50": 1.5630699215034838,
        "75": 1.5649367200021516,
        "90": 1.5660747255999012,
        "99": 1.5680918923596618
    }
}