{
    "avg_latency": 0.4725649127512952,
    "latencies": [
        0.47215394700469915,
        0.47221918099967297,
        0.4729013640026096,
        0.47268171799805714,
        0.4724832520005293,
        0.47260436200303957,
        0.4726902440015692,
        0.4727852340001846
    ],
    "percentiles": {
        "10": 0.47219961080118084,
        "25": 0.47241723425031523,
        "50": 0.47264304000054835,
        "75": 0.47271399150122306,
        "90": 0.4728200730009121,
        "99": 0.4728932349024399
    }
}