{
    "avg_latency": 0.4557995693749035,
    "latencies": [
        0.45592814499832457,
        0.45581365800171625,
        0.4556960359986988,
        0.45576353299838956,
        0.456038203999924,
        0.4558330660001957,
        0.4555625830034842,
        0.45576132999849506
    ],
    "percentiles": {
        "10": 0.4556560001001344,
        "25": 0.455745006498546,
        "50": 0.4557885955000529,
        "75": 0.4558568357497279,
        "90": 0.4559611626988044,
        "99": 0.45603049986981203
    }
}