{
    "avg_latency": 0.631616341877816,
    "latencies": [
        0.6316937670053449,
        0.6313494860005449,
        0.6320376000003307,
        0.6313871880047373,
        0.6314636320021236,
        0.6316144290030934,
        0.6318182350005372,
        0.6315663980058162
    ],
    "percentiles": {
        "10": 0.6313758774034796,
        "25": 0.631444521002777,
        "50": 0.6315904135044548,
        "75": 0.631724884004143,
        "90": 0.6318840445004753,
        "99": 0.6320222444503452
    }
}